path,line,kind,literal,context,call_context
src/bolt_v3_archetypes/binary_oracle_edge_taker.rs,98,bool,true,"required: true,",
src/bolt_v3_archetypes/binary_oracle_edge_taker.rs,100,bool,false,"allow_no_resolution: false,",
src/bolt_v3_archetypes/complete_set_arbitrage.rs,73,bool,false,"is_post_only: false,",
src/bolt_v3_archetypes/complete_set_arbitrage.rs,74,bool,false,"is_reduce_only: false,",
src/bolt_v3_archetypes/complete_set_arbitrage.rs,75,bool,false,"is_quote_quantity: false,",
src/bolt_v3_basket_admission.rs,223,bool,false,reservation.release_on_drop = false;,
src/bolt_v3_basket_admission.rs,358,bool,true,.unwrap_or(true),
src/bolt_v3_basket_admission.rs,368,bool,true,"release_on_drop: true,",
src/bolt_v3_basket_execution.rs,42,bool,false,"Err(_) => false,",
src/bolt_v3_basket_execution.rs,178,bool,false,"reservation_held: false,",
src/bolt_v3_basket_execution.rs,179,bool,false,"unresolved_real_exposure: false,",
src/bolt_v3_basket_execution.rs,180,bool,false,"settled: false,",
src/bolt_v3_basket_execution.rs,311,bool,true,self.reservation_held = true;,
src/bolt_v3_basket_execution.rs,340,bool,true,self.settled = true;,
src/bolt_v3_basket_execution.rs,342,bool,true,self.unresolved_real_exposure = true;,
src/bolt_v3_basket_execution.rs,343,bool,true,self.reservation_held = true;,
src/bolt_v3_basket_execution.rs,377,bool,true,self.unresolved_real_exposure = true;,
src/bolt_v3_basket_execution.rs,378,bool,true,self.reservation_held = true;,
src/bolt_v3_basket_execution.rs,388,bool,true,self.settled = true;,
src/bolt_v3_basket_execution.rs,391,bool,true,self.reservation_held = true;,
src/bolt_v3_basket_execution.rs,403,bool,false,self.reservation_held = false;,
src/bolt_v3_basket_execution.rs,487,bool,true,self.unresolved_real_exposure = true;,
src/bolt_v3_basket_execution.rs,488,bool,true,self.reservation_held = true;,
src/bolt_v3_basket_execution.rs,505,bool,true,self.unresolved_real_exposure = true;,
src/bolt_v3_basket_execution.rs,506,bool,true,self.reservation_held = true;,
src/bolt_v3_basket_execution.rs,519,bool,false,self.unresolved_real_exposure = false;,
src/bolt_v3_basket_execution.rs,522,bool,true,self.unresolved_real_exposure = true;,
src/bolt_v3_basket_execution.rs,832,bool,false,"strategy_shell_may_call_submit_admission: false,",
src/bolt_v3_basket_execution.rs,833,bool,false,"strategy_shell_may_mutate_venue: false,",
src/bolt_v3_basket_execution.rs,834,bool,true,"shared_executor_owns_state_transitions: true,",
src/bolt_v3_basket_execution.rs,878,bool,false,"kill_switch_transition_context(false, false),",
src/bolt_v3_basket_execution.rs,878,bool,false,"kill_switch_transition_context(false, false),",
src/bolt_v3_basket_execution.rs,881,bool,true,"Ok(()) => true,",
src/bolt_v3_basket_execution.rs,888,bool,false,"kill_switch_transition_context(false, false),",
src/bolt_v3_basket_execution.rs,888,bool,false,"kill_switch_transition_context(false, false),",
src/bolt_v3_basket_execution.rs,928,bool,false,"operator_authorized: false,",
src/bolt_v3_basket_execution.rs,929,bool,false,"manual_reset_evidence_valid: false,",
src/bolt_v3_basket_execution.rs,930,bool,false,"mandatory_proof_streams_fresh: false,",
src/bolt_v3_basket_execution.rs,931,bool,false,"no_outstanding_order_risk: false,",
src/bolt_v3_basket_execution.rs,932,bool,false,"no_open_positions: false,",
src/bolt_v3_basket_execution.rs,933,bool,false,"no_pending_entry_risk: false,",
src/bolt_v3_binary_outcome_edge.rs,116,bool,false,"trade_allowed: false,",
src/bolt_v3_book_sizing.rs,149,bool,true,"true,",
src/bolt_v3_book_sizing.rs,161,bool,false,"false,",
src/bolt_v3_book_sizing.rs,283,bool,true,true,
src/bolt_v3_book_sizing.rs,286,bool,true,true,
src/bolt_v3_book_sizing.rs,288,bool,false,false,
src/bolt_v3_capital_admission.rs,206,bool,false,"accepted: false,",
src/bolt_v3_capital_admission.rs,219,bool,false,"accepted: false,",
src/bolt_v3_capital_admission.rs,230,bool,true,"accepted: true,",
src/bolt_v3_capital_admission.rs,367,bool,false,"accepted: false,",
src/bolt_v3_capital_admission.rs,529,bool,true,"accepted: true,",
src/bolt_v3_capital_admission.rs,546,bool,false,"accepted: false,",
src/bolt_v3_capital_admission.rs,566,bool,false,"accepted: false,",
src/bolt_v3_capital_admission_runtime_feed.rs,172,bool,false,"external_position_fill_trade_id_retention_exhausted: false,",
src/bolt_v3_capital_admission_runtime_feed.rs,286,bool,false,self.external_position_fill_trade_id_retention_exhausted = false;,
src/bolt_v3_capital_admission_runtime_feed.rs,491,bool,false,return false;,
src/bolt_v3_capital_admission_runtime_feed.rs,505,bool,false,return false;,
src/bolt_v3_capital_admission_runtime_feed.rs,511,bool,true,true,
src/bolt_v3_capital_admission_runtime_feed.rs,530,bool,true,self.external_position_fill_trade_id_retention_exhausted = true;,
src/bolt_v3_capital_admission_runtime_feed.rs,559,bool,false,"all_open_orders_attributed: false,",
src/bolt_v3_capital_admission_runtime_feed.rs,598,bool,false,.unwrap_or(false);,
src/bolt_v3_capital_admission_runtime_feed.rs,737,bool,false,let mut changed = false;,
src/bolt_v3_capital_admission_runtime_feed.rs,740,bool,true,*attributed = true;,
src/bolt_v3_capital_admission_runtime_feed.rs,741,bool,true,changed = true;,
src/bolt_v3_capital_reservation.rs,108,bool,false,"reconciliation_complete: false,",
src/bolt_v3_capital_reservation.rs,115,bool,true,"reconciliation_complete: true,",
src/bolt_v3_capital_reservation.rs,220,bool,true,"accepted: true,",
src/bolt_v3_capital_reservation.rs,291,bool,true,"accepted: true,",
src/bolt_v3_capital_reservation.rs,363,bool,true,"accepted: true,",
src/bolt_v3_capital_reservation.rs,377,bool,false,"accepted: false,",
src/bolt_v3_capital_reservation.rs,393,bool,false,"accepted: false,",
src/bolt_v3_capital_reservation.rs,401,bool,false,"accepted: false,",
src/bolt_v3_client_registration.rs,105,bool,false,let mut data_added = false;,
src/bolt_v3_client_registration.rs,106,bool,false,let mut exec_added = false;,
src/bolt_v3_client_registration.rs,114,bool,true,data_added = true;,
src/bolt_v3_client_registration.rs,127,bool,true,exec_added = true;,
src/bolt_v3_decision_evidence.rs,1828,bool,true,.unwrap_or(true);,
src/bolt_v3_decision_evidence.rs,2061,bool,true,options.append(true);,
src/bolt_v3_decision_evidence.rs,2068,bool,true,options.append(true).create_new(true);,
src/bolt_v3_decision_evidence.rs,2068,bool,true,options.append(true).create_new(true);,
src/bolt_v3_decision_evidence.rs,2090,bool,true,.read(true),
src/bolt_v3_decision_evidence.rs,2097,bool,true,fs::OpenOptions::new().read(true).open(path),
src/bolt_v3_executable_cost.rs,79,bool,false,"exact_size_filled: false,",
src/bolt_v3_executable_cost.rs,84,bool,false,"cost_available: false,",
src/bolt_v3_executable_cost.rs,102,bool,true,"OrderSide::Buy => (book.best_ask, true),",
src/bolt_v3_executable_cost.rs,103,bool,false,"OrderSide::Sell => (book.best_bid, false),",
src/bolt_v3_executable_cost.rs,196,bool,true,"exact_size_filled: true,",
src/bolt_v3_executable_cost.rs,251,bool,true,"cost_available: true,",
src/bolt_v3_fair_value_pricing.rs,98,bool,false,return false;,
src/bolt_v3_fair_value_pricing.rs,109,bool,false,return false;,
src/bolt_v3_fair_value_pricing.rs,115,bool,true,true,
src/bolt_v3_iv/authz.rs,41,bool,false,return false;,
src/bolt_v3_iv/authz.rs,48,bool,false,return false;,
src/bolt_v3_iv/authz.rs,52,bool,true,"IvAuthorizationMode::ProfileWide => true,",
src/bolt_v3_iv/bounds.rs,37,bool,false,return false;,
src/bolt_v3_iv/bounds.rs,40,bool,false,return false;,
src/bolt_v3_iv/bounds.rs,43,bool,false,return false;,
src/bolt_v3_iv/bounds.rs,49,bool,false,return false;,
src/bolt_v3_iv/bounds.rs,55,bool,false,return false;,
src/bolt_v3_iv/bounds.rs,61,bool,false,return false;,
src/bolt_v3_iv/bounds.rs,67,bool,false,return false;,
src/bolt_v3_iv/bounds.rs,75,bool,false,return false;,
src/bolt_v3_iv/bounds.rs,78,bool,true,true,
src/bolt_v3_iv/config.rs,228,bool,true,"true,",
src/bolt_v3_iv/config.rs,653,bool,true,"true,",
src/bolt_v3_iv/config.rs,979,bool,true,"true,",
src/bolt_v3_iv/config.rs,1152,bool,false,"inclusive: false,",
src/bolt_v3_iv/config.rs,1157,bool,true,"inclusive: true,",
src/bolt_v3_iv/config.rs,1163,bool,true,"inclusive: true,",
src/bolt_v3_iv/config.rs,1167,bool,false,"inclusive: false,",
src/bolt_v3_iv/config.rs,1179,bool,false,"inclusive: false,",
src/bolt_v3_iv/config.rs,1184,bool,true,"inclusive: true,",
src/bolt_v3_iv/config.rs,1190,bool,true,"inclusive: true,",
src/bolt_v3_iv/config.rs,1194,bool,false,"inclusive: false,",
src/bolt_v3_iv/config.rs,1218,bool,true,"true,",
src/bolt_v3_iv/config.rs,1227,bool,false,"false,",
src/bolt_v3_iv/config.rs,1236,bool,false,"false,",
src/bolt_v3_iv/config.rs,1245,bool,false,"false,",
src/bolt_v3_iv/derive.rs,460,bool,true,"output_validated: true,",
src/bolt_v3_iv/derive.rs,1016,bool,true,"validate_numeric(option_price.value, IvDerivedInputField::OptionPrice, true)?;",
src/bolt_v3_iv/derive.rs,1020,bool,true,"true,",
src/bolt_v3_iv/derive.rs,1022,bool,true,"validate_numeric(strike.value, IvDerivedInputField::Strike, true)?;",
src/bolt_v3_iv/derive.rs,1026,bool,true,"true,",
src/bolt_v3_iv/derive.rs,1028,bool,false,"validate_numeric(rate.value, IvDerivedInputField::Rate, false)?;",
src/bolt_v3_iv/derive.rs,1029,bool,false,"validate_numeric(carry.value, IvDerivedInputField::Carry, false)?;",
src/bolt_v3_iv/derive.rs,1031,bool,true,"validate_numeric(initial_vol.value, IvDerivedInputField::InitialVol, true)?;",
src/bolt_v3_iv/health.rs,25,bool,true,return true;,
src/bolt_v3_iv/health.rs,28,bool,false,return false;,
src/bolt_v3_iv/health.rs,31,bool,true,return true;,
src/bolt_v3_iv/policy.rs,428,bool,true,"quorum_met: true,",
src/bolt_v3_iv/policy.rs,459,bool,false,return false;,
src/bolt_v3_iv/query.rs,246,bool,false,"mark_rejected: false,",
src/bolt_v3_iv/query.rs,663,bool,false,"stale_state: false,",
src/bolt_v3_iv/query.rs,664,bool,false,"retention_state: false,",
src/bolt_v3_iv/query.rs,1235,bool,false,let mut interpolation_rejected = false;,
src/bolt_v3_iv/query.rs,1249,bool,true,interpolation_rejected = true;,
src/bolt_v3_iv/query.rs,1577,bool,false,let mut unauthorized_candidate = false;,
src/bolt_v3_iv/query.rs,1583,bool,true,unauthorized_candidate = true;,
src/bolt_v3_iv/query.rs,1587,bool,false,let mut derived_any = false;,
src/bolt_v3_iv/query.rs,1595,bool,true,unauthorized_candidate = true;,
src/bolt_v3_iv/query.rs,1618,bool,true,derived_any = true;,
src/bolt_v3_iv/query.rs,1656,bool,false,let mut unauthorized_candidate = false;,
src/bolt_v3_iv/query.rs,1665,bool,true,unauthorized_candidate = true;,
src/bolt_v3_iv/query.rs,1666,bool,false,return false;,
src/bolt_v3_iv/query.rs,2066,bool,false,return false;,
src/bolt_v3_iv/query.rs,2069,bool,true,return true;,
src/bolt_v3_iv/query.rs,2518,bool,false,"_ => false,",
src/bolt_v3_iv/query.rs,2551,bool,false,let mut saw_interpolatable_product = false;,
src/bolt_v3_iv/query.rs,2555,bool,true,saw_interpolatable_product = true;,
src/bolt_v3_iv/query.rs,2565,bool,true,saw_interpolatable_product = true;,
src/bolt_v3_iv/query.rs,2668,bool,false,return false;,
src/bolt_v3_iv/query.rs,2671,bool,false,return false;,
src/bolt_v3_iv/query.rs,2678,bool,false,return false;,
src/bolt_v3_iv/query.rs,2691,bool,false,return false;,
src/bolt_v3_iv/query.rs,2698,bool,false,return false;,
src/bolt_v3_iv/query.rs,3094,bool,false,"apply_source_rejection_flags(existing, reject_reason, false);",
src/bolt_v3_iv/runtime.rs,292,bool,false,"false,",
src/bolt_v3_iv/runtime.rs,302,bool,false,"false,",
src/bolt_v3_iv/runtime.rs,355,bool,false,"false,",
src/bolt_v3_iv/runtime.rs,365,bool,false,"false,",
src/bolt_v3_iv/runtime.rs,428,bool,false,"false,",
src/bolt_v3_iv/runtime.rs,440,bool,false,"false,",
src/bolt_v3_iv/runtime.rs,450,bool,false,"false,",
src/bolt_v3_iv/runtime.rs,462,bool,false,"false,",
src/bolt_v3_iv/runtime.rs,474,bool,false,"false,",
src/bolt_v3_iv/runtime.rs,486,bool,false,"false,",
src/bolt_v3_iv/runtime.rs,498,bool,false,"false,",
src/bolt_v3_iv/runtime.rs,510,bool,false,"false,",
src/bolt_v3_iv/runtime.rs,525,bool,false,"false,",
src/bolt_v3_iv/runtime.rs,577,bool,false,"false,",
src/bolt_v3_iv/runtime.rs,589,bool,false,"false,",
src/bolt_v3_iv/runtime.rs,599,bool,false,"false,",
src/bolt_v3_iv/runtime.rs,609,bool,false,"false,",
src/bolt_v3_iv/runtime.rs,619,bool,false,"false,",
src/bolt_v3_iv/runtime.rs,673,bool,false,"false,",
src/bolt_v3_iv/runtime.rs,694,bool,true,"true,",
src/bolt_v3_iv/runtime.rs,702,bool,false,"false,",
src/bolt_v3_iv/runtime.rs,710,bool,false,"false,",
src/bolt_v3_iv/runtime.rs,726,bool,false,"false,",
src/bolt_v3_iv/runtime.rs,740,bool,false,"false,",
src/bolt_v3_iv/runtime.rs,768,bool,true,"true,",
src/bolt_v3_iv/runtime.rs,814,bool,false,"mark_rejected: false,",
src/bolt_v3_iv/runtime.rs,1102,bool,false,"_ => false,",
src/bolt_v3_iv/runtime.rs,1111,bool,false,"_ => false,",
src/bolt_v3_iv/runtime.rs,1264,bool,false,"stale_state: false,",
src/bolt_v3_iv/runtime.rs,1265,bool,false,"retention_state: false,",
src/bolt_v3_iv/runtime.rs,1278,bool,false,"stale_state: false,",
src/bolt_v3_iv/runtime.rs,1279,bool,false,"retention_state: false,",
src/bolt_v3_iv/store.rs,374,bool,false,let mut indexed_basis = false;,
src/bolt_v3_iv/store.rs,398,bool,true,indexed_basis = true;,
src/bolt_v3_kill_switch_flatten.rs,657,bool,false,"authorizes_durable_state_transition: false,",
src/bolt_v3_live_node.rs,1507,bool,false,"metadata_response_allow_target_sampling: false,",
src/bolt_v3_live_node.rs,1509,bool,true,"quote_targets_initialized: Rc::new(Cell::new(true)),",
src/bolt_v3_live_node.rs,1534,bool,false,"quote_targets_initialized: Rc::new(Cell::new(false)),",
src/bolt_v3_live_node.rs,1557,bool,false,"metadata_response_allow_target_sampling: false,",
src/bolt_v3_live_node.rs,1559,bool,false,"quote_targets_initialized: Rc::new(Cell::new(false)),",
src/bolt_v3_live_node.rs,1572,bool,false,"started: Cell::new(false),",
src/bolt_v3_live_node.rs,1573,bool,false,"complete: Cell::new(false),",
src/bolt_v3_live_node.rs,1656,bool,false,"None => false,",
src/bolt_v3_live_node.rs,1690,bool,false,return false;,
src/bolt_v3_live_node.rs,1700,bool,false,return false;,
src/bolt_v3_live_node.rs,1703,bool,false,return false;,
src/bolt_v3_live_node.rs,1707,bool,false,return false;,
src/bolt_v3_live_node.rs,1783,bool,true,self.quote_targets_initialized.set(true);,
src/bolt_v3_live_node.rs,1851,bool,true,self.quote_targets_initialized.set(true);,
src/bolt_v3_live_node.rs,1866,bool,false,let mut matched_required = false;,
src/bolt_v3_live_node.rs,1870,bool,true,matched_required = true;,
src/bolt_v3_live_node.rs,1902,bool,false,let mut matched_required = false;,
src/bolt_v3_live_node.rs,1906,bool,true,matched_required = true;,
src/bolt_v3_live_node.rs,1941,bool,true,walk.complete.set(true);,
src/bolt_v3_live_node.rs,1955,bool,false,let mut matched_required = false;,
src/bolt_v3_live_node.rs,1961,bool,true,matched_required = true;,
src/bolt_v3_live_node.rs,2753,bool,false,"false,",
src/bolt_v3_live_node.rs,2866,bool,false,Ok(false),
src/bolt_v3_live_node.rs,2876,bool,true,Ok(true),
src/bolt_v3_live_node.rs,3170,bool,false,all_open_orders_attributed = false;,
src/bolt_v3_live_node.rs,3174,bool,false,all_open_orders_attributed = false;,
src/bolt_v3_live_node.rs,3181,bool,false,all_open_orders_attributed = false;,
src/bolt_v3_live_node.rs,3188,bool,false,all_open_orders_attributed = false;,
src/bolt_v3_live_node.rs,4397,bool,false,"false,",
src/bolt_v3_live_node.rs,5962,bool,false,"log_components_only: false,",
src/bolt_v3_live_node.rs,5963,bool,true,"is_colored: true,",
src/bolt_v3_live_node.rs,5964,bool,false,"print_config: false,",
src/bolt_v3_live_node.rs,5965,bool,false,"use_tracing: false,",
src/bolt_v3_live_node.rs,5966,bool,false,"bypass_logging: false,",
src/bolt_v3_live_node.rs,5968,bool,false,"clear_log_file: false,",
src/bolt_v3_live_node.rs,5969,bool,true,"fileout_sync_on_flush: true,",
src/bolt_v3_live_node.rs,5970,bool,false,"buffered_stdout: false,",
src/bolt_v3_live_node.rs,6049,bool,false,"bypass: false,",
src/bolt_v3_live_node.rs,6088,bool,false,"loop_debug: false,",
src/bolt_v3_live_node.rs,6209,bool,true,"Ok(true) => Ok(()),",
src/bolt_v3_live_node.rs,6210,bool,false,"Ok(false) => Err(BoltV3LiveNodeError::ConnectIncomplete),",
src/bolt_v3_loss_governor.rs,96,bool,false,"snapshot_present: false,",
src/bolt_v3_loss_governor.rs,102,bool,false,"per_trade_pnl_present: false,",
src/bolt_v3_loss_governor.rs,103,bool,false,"daily_pnl_present: false,",
src/bolt_v3_loss_governor.rs,104,bool,false,"rolling_pnl_present: false,",
src/bolt_v3_loss_governor.rs,105,bool,false,"current_equity_present: false,",
src/bolt_v3_loss_governor.rs,106,bool,false,"peak_equity_present: false,",
src/bolt_v3_loss_governor.rs,194,bool,false,"accepted: false,",
src/bolt_v3_loss_governor.rs,208,bool,false,"snapshot_present: false,",
src/bolt_v3_loss_governor.rs,214,bool,false,"per_trade_pnl_present: false,",
src/bolt_v3_loss_governor.rs,215,bool,false,"daily_pnl_present: false,",
src/bolt_v3_loss_governor.rs,216,bool,false,"rolling_pnl_present: false,",
src/bolt_v3_loss_governor.rs,217,bool,false,"current_equity_present: false,",
src/bolt_v3_loss_governor.rs,218,bool,false,"peak_equity_present: false,",
src/bolt_v3_loss_governor.rs,250,bool,true,"snapshot_present: true,",
src/bolt_v3_loss_protection.rs,384,bool,true,return Ok(true);,
src/bolt_v3_loss_protection.rs,393,bool,false,Ok(false),
src/bolt_v3_loss_protection.rs,497,bool,true,true,
src/bolt_v3_loss_protection.rs,503,bool,true,true,
src/bolt_v3_loss_protection.rs,505,bool,true,"Some(current) if bucket == current => true,",
src/bolt_v3_loss_protection.rs,506,bool,false,"Some(_) => false,",
src/bolt_v3_loss_protection.rs,556,bool,true,"state_write_succeeded: true,",
src/bolt_v3_loss_protection.rs,557,bool,true,"durable_halt_evidence_recorded: true,",
src/bolt_v3_loss_protection.rs,845,bool,false,"state_write_succeeded: false,",
src/bolt_v3_loss_protection.rs,846,bool,false,"durable_halt_evidence_recorded: false,",
src/bolt_v3_loss_protection.rs,847,bool,false,"operator_authorized: false,",
src/bolt_v3_loss_protection.rs,848,bool,false,"manual_reset_evidence_valid: false,",
src/bolt_v3_loss_protection.rs,849,bool,false,"mandatory_proof_streams_fresh: false,",
src/bolt_v3_loss_protection.rs,850,bool,false,"no_outstanding_order_risk: false,",
src/bolt_v3_loss_protection.rs,851,bool,false,"no_open_positions: false,",
src/bolt_v3_loss_protection.rs,852,bool,false,"no_pending_entry_risk: false,",
src/bolt_v3_loss_protection.rs,876,bool,true,"cumulative_realized_pnl: true,",
src/bolt_v3_loss_protection.rs,877,bool,false,"closes_position: false,",
src/bolt_v3_loss_protection.rs,895,bool,true,"cumulative_realized_pnl: true,",
src/bolt_v3_loss_protection.rs,896,bool,true,"closes_position: true,",
src/bolt_v3_loss_protection.rs,914,bool,false,"cumulative_realized_pnl: false,",
src/bolt_v3_loss_protection.rs,915,bool,false,"closes_position: false,",
src/bolt_v3_loss_runtime_feed.rs,260,bool,true,self.state.portfolio_pnl_observed = true;,
src/bolt_v3_loss_runtime_feed.rs,485,bool,false,"portfolio_pnl_observed: false,",
src/bolt_v3_loss_runtime_feed.rs,541,bool,true,true,
src/bolt_v3_loss_runtime_feed.rs,677,bool,false,"closed: false,",
src/bolt_v3_loss_runtime_feed.rs,678,bool,true,"reset_completed_position_pnl: true,",
src/bolt_v3_loss_runtime_feed.rs,689,bool,false,"closed: false,",
src/bolt_v3_loss_runtime_feed.rs,690,bool,false,"reset_completed_position_pnl: false,",
src/bolt_v3_loss_runtime_feed.rs,701,bool,true,"closed: true,",
src/bolt_v3_loss_runtime_feed.rs,702,bool,false,"reset_completed_position_pnl: false,",
src/bolt_v3_loss_runtime_feed.rs,712,bool,false,"closed: false,",
src/bolt_v3_loss_runtime_feed.rs,713,bool,false,"reset_completed_position_pnl: false,",
src/bolt_v3_loss_runtime_feed.rs,822,bool,false,let mut found = false;,
src/bolt_v3_loss_runtime_feed.rs,829,bool,true,found = true;,
src/bolt_v3_loss_runtime_feed.rs,836,bool,false,let mut found = false;,
src/bolt_v3_loss_runtime_feed.rs,839,bool,true,found = true;,
src/bolt_v3_maker_event_fence.rs,108,bool,false,"Some(current) if next.generation <= current.generation => return false,",
src/bolt_v3_maker_event_fence.rs,112,bool,true,true,
src/bolt_v3_maker_inventory.rs,60,bool,false,return false;,
src/bolt_v3_maker_inventory.rs,64,bool,false,return false;,
src/bolt_v3_maker_inventory.rs,67,bool,true,true,
src/bolt_v3_maker_market_selection.rs,193,bool,true,"retained: true,",
src/bolt_v3_maker_market_selection.rs,227,bool,false,"retained: false,",
src/bolt_v3_maker_quote_control.rs,67,bool,true,.unwrap_or(true);,
src/bolt_v3_maker_quote_control.rs,116,bool,false,return false;,
src/bolt_v3_maker_quote_control.rs,130,bool,false,"requote_needed: false,",
src/bolt_v3_maker_quote_set.rs,202,bool,false,"requote_needed: false,",
src/bolt_v3_market_families/mod.rs,869,bool,false,"false,",
src/bolt_v3_market_families/mod.rs,871,bool,false,"ensure_selected_market_text(SELECTED_MARKET_VENUE_FIELD, parts.venue, false)?;",
src/bolt_v3_market_families/mod.rs,872,bool,false,"ensure_selected_market_text(SELECTED_MARKET_FAMILY_KEY_FIELD, parts.family_key, false)?;",
src/bolt_v3_market_families/mod.rs,873,bool,false,"ensure_selected_market_text(SELECTED_MARKET_MARKET_ID_FIELD, parts.market_id, false)?;",
src/bolt_v3_market_families/mod.rs,877,bool,false,"false,",
src/bolt_v3_market_families/mod.rs,882,bool,false,"false,",
src/bolt_v3_market_families/mod.rs,887,bool,false,"false,",
src/bolt_v3_market_families/mod.rs,889,bool,false,"ensure_selected_market_text(SELECTED_MARKET_VALUE_KIND_FIELD, parts.value_kind, false)?;",
src/bolt_v3_market_families/mod.rs,904,bool,false,"ensure_selected_market_text(SELECTED_MARKET_INSTRUMENT_IDS_FIELD, instrument_id, false)?;",
src/bolt_v3_market_families/mod.rs,908,bool,false,"ensure_selected_market_text(SELECTED_MARKET_METADATA_PROVENANCE_KEY_FIELD, key, false)?;",
src/bolt_v3_market_families/mod.rs,994,bool,false,"serde_json::Value::String(text) => ensure_selected_market_text(field, text, false),",
src/bolt_v3_market_families/mod.rs,1003,bool,false,"ensure_selected_market_text(field, key, false)?;",
src/bolt_v3_order_reject_observer_feed.rs,154,bool,false,let mut episode_inserted = false;,
src/bolt_v3_order_reject_observer_feed.rs,176,bool,true,episode_inserted = true;,
src/bolt_v3_outcome_group_hyperliquid.rs,223,bool,false,let mut saw_parentless_outcome = false;,
src/bolt_v3_outcome_group_hyperliquid.rs,230,bool,true,saw_parentless_outcome = true;,
src/bolt_v3_outcome_group_hyperliquid.rs,234,bool,true,saw_parentless_outcome = true;,
src/bolt_v3_outcome_group_hyperliquid.rs,240,bool,false,"if info.get_bool(""is_fallback"").unwrap_or(false) {",
src/bolt_v3_outcome_group_scanner.rs,230,bool,true,evidence.admissible = true;,
src/bolt_v3_outcome_group_scanner.rs,520,bool,false,return false;,
src/bolt_v3_outcome_group_scanner.rs,597,bool,false,"admissible: false,",
src/bolt_v3_outcome_group_scanner.rs,603,bool,false,self.admissible = false;,
src/bolt_v3_outcome_group_sources.rs,241,bool,false,"None => false,",
src/bolt_v3_outcome_group_sources.rs,731,bool,false,"None => false,",
src/bolt_v3_outcome_group_sources.rs,1001,bool,false,"Some(Err(_)) | None => false,",
src/bolt_v3_outcome_group_sources.rs,1023,bool,true,"Some(Err(_)) | None => true,",
src/bolt_v3_outcome_group_sources.rs,1029,bool,true,"Ok(decimal) if decimal > Decimal::ZERO => true,",
src/bolt_v3_outcome_group_sources.rs,1032,bool,false,false,
src/bolt_v3_outcome_group_sources.rs,1036,bool,false,false,
src/bolt_v3_prod_profile.rs,299,bool,false,return false;,
src/bolt_v3_prod_profile.rs,302,bool,false,return false;,
src/bolt_v3_prod_profile.rs,306,bool,false,return false;,
src/bolt_v3_prod_profile.rs,309,bool,false,return false;,
src/bolt_v3_prod_profile.rs,745,bool,true,"loss_governor_present: true,",
src/bolt_v3_prod_profile.rs,873,bool,true,"matches_profile: true,",
src/bolt_v3_prod_profile.rs,874,bool,true,"loads_against_binary: true,",
src/bolt_v3_providers/chainlink/report.rs,349,bool,true,let mut carry = u8::from(true);,
src/bolt_v3_providers/chainlink/report.rs,363,bool,false,return false;,
src/bolt_v3_providers/chainlink/strike_source.rs,248,bool,false,"connected: false,",
src/bolt_v3_providers/chainlink/strike_source.rs,272,bool,false,"Err(_) => false,",
src/bolt_v3_providers/chainlink/strike_source.rs,477,bool,true,self.connected = true;,
src/bolt_v3_providers/chainlink/strike_source.rs,482,bool,false,self.connected = false;,
src/bolt_v3_providers/chainlink/strike_source.rs,487,bool,false,self.connected = false;,
src/bolt_v3_providers/chainlink/strike_source.rs,492,bool,false,self.connected = false;,
src/bolt_v3_providers/chainlink.rs,315,bool,false,return Ok(false);,
src/bolt_v3_providers/chainlink.rs,320,bool,true,return Ok(true);,
src/bolt_v3_providers/chainlink.rs,323,bool,false,Ok(false),
src/bolt_v3_providers/chainlink_reference.rs,202,bool,false,"connected: false,",
src/bolt_v3_providers/chainlink_reference.rs,261,bool,true,self.connected = true;,
src/bolt_v3_providers/chainlink_reference.rs,267,bool,false,self.connected = false;,
src/bolt_v3_providers/chainlink_reference.rs,273,bool,false,self.connected = false;,
src/bolt_v3_providers/chainlink_reference.rs,279,bool,false,self.connected = false;,
src/bolt_v3_providers/chainlink_reference.rs,339,bool,true,self.connected = true;,
src/bolt_v3_providers/chainlink_reference.rs,347,bool,false,self.connected = false;,
src/bolt_v3_providers/hyperliquid_artifacts.rs,426,bool,true,.read(true),
src/bolt_v3_providers/mod.rs,529,bool,true,"reduce_only_supported: true,",
src/bolt_v3_providers/mod.rs,535,bool,false,"reduce_only_supported: false,",
src/bolt_v3_providers/mod.rs,612,bool,false,return false;,
src/bolt_v3_providers/mod.rs,626,bool,true,return Ok(true);,
src/bolt_v3_providers/polymarket/adapter_signing_source.rs,72,bool,false,"neg_risk: false,",
src/bolt_v3_providers/polymarket/adapter_signing_source.rs,150,bool,true,"domain_version_declared: true,",
src/bolt_v3_providers/polymarket/adapter_signing_source.rs,151,bool,true,"domain_name_declared: true,",
src/bolt_v3_providers/polymarket/adapter_signing_source.rs,152,bool,true,"polygon_chain_id_declared: true,",
src/bolt_v3_providers/polymarket/adapter_signing_source.rs,153,bool,true,"ctf_exchange_declared: true,",
src/bolt_v3_providers/polymarket/adapter_signing_source.rs,154,bool,true,"neg_risk_ctf_exchange_declared: true,",
src/bolt_v3_providers/polymarket/adapter_signing_source.rs,155,bool,true,"order_signer_declared: true,",
src/bolt_v3_providers/polymarket/adapter_signing_source.rs,156,bool,true,"sign_order_declared: true,",
src/bolt_v3_providers/polymarket/adapter_signing_source.rs,157,bool,true,"order_hash_declared: true,",
src/bolt_v3_providers/polymarket/collateral_accounting_source.rs,48,bool,true,"request, true,",
src/bolt_v3_providers/polymarket/fee_behavior_source.rs,161,bool,true,"maker_zero_declared: true,",
src/bolt_v3_providers/polymarket/fee_behavior_source.rs,162,bool,true,"taker_fee_schedule_declared: true,",
src/bolt_v3_providers/polymarket/fee_behavior_source.rs,163,bool,true,"commission_formula_declared: true,",
src/bolt_v3_providers/polymarket/fee_behavior_source.rs,164,bool,true,"market_buy_adjustment_declared: true,",
src/bolt_v3_providers/polymarket/venue_account_state_source.rs,36,bool,false,const POSITION_REDEEMABLE_WHEN_ABSENT: bool = false;,
src/bolt_v3_providers/polymarket.rs,398,bool,false,"(false, None) => {}",
src/bolt_v3_providers/polymarket.rs,845,bool,true,.load_all(true),
src/bolt_v3_providers/polyresearch.rs,245,bool,false,"connected: false,",
src/bolt_v3_providers/polyresearch.rs,414,bool,true,self.connected = true;,
src/bolt_v3_providers/polyresearch.rs,420,bool,false,self.connected = false;,
src/bolt_v3_providers/polyresearch.rs,426,bool,false,self.connected = false;,
src/bolt_v3_providers/polyresearch.rs,432,bool,false,self.connected = false;,
src/bolt_v3_providers/polyresearch.rs,497,bool,true,self.connected = true;,
src/bolt_v3_providers/polyresearch.rs,507,bool,false,self.connected = false;,
src/bolt_v3_providers/polyresearch.rs,525,bool,true,true,
src/bolt_v3_providers/polyresearch.rs,527,bool,false,false,
src/bolt_v3_providers/polyresearch.rs,1108,bool,false,return Ok(false);,
src/bolt_v3_providers/polyresearch.rs,1141,bool,true,return Ok(true);,
src/bolt_v3_providers/polyresearch.rs,1154,bool,true,Ok(true),
src/bolt_v3_providers/polyresearch.rs,1256,bool,true,"Ok(true) => return,",
src/bolt_v3_providers/polyresearch.rs,1257,bool,false,Ok(false) => {},
src/bolt_v3_providers/reference_boundary_capture.rs,202,bool,false,"signature_verified: false,",
src/bolt_v3_quote_lifecycle.rs,150,bool,true,"requote_needed: true,",
src/bolt_v3_quote_lifecycle.rs,162,bool,true,"requote_needed: true,",
src/bolt_v3_realized_volatility.rs,311,bool,false,"ready: false,",
src/bolt_v3_realized_volatility.rs,462,bool,false,return false;,
src/bolt_v3_realized_volatility.rs,475,bool,false,return false;,
src/bolt_v3_realized_volatility.rs,495,bool,true,true,
src/bolt_v3_realized_volatility.rs,507,bool,true,"if let (true, RealizedVolSourceStatus::Ready, true, Some(value), _) = (",
src/bolt_v3_realized_volatility.rs,507,bool,true,"if let (true, RealizedVolSourceStatus::Ready, true, Some(value), _) = (",
src/bolt_v3_realized_volatility_runtime.rs,257,bool,false,let mut matched_configured_source = false;,
src/bolt_v3_realized_volatility_runtime.rs,258,bool,false,let mut observed = false;,
src/bolt_v3_realized_volatility_runtime.rs,267,bool,true,matched_configured_source = true;,
src/bolt_v3_realized_volatility_runtime.rs,274,bool,false,false,
src/bolt_v3_realized_volatility_runtime.rs,335,bool,false,"self.publish_surface_at(surface_id, as_of_ms, false)",
src/bolt_v3_realized_volatility_runtime.rs,389,bool,true,".filter_map(|surface_id| self.publish_surface_at(surface_id.as_str(), recv_ts_ms, true))",
src/bolt_v3_reference_price.rs,572,bool,false,"failover_used: false,",
src/bolt_v3_reference_price.rs,589,bool,false,self.failover_used = false;,
src/bolt_v3_reference_price.rs,630,bool,true,self.failover_used = true;,
src/bolt_v3_reference_price.rs,709,bool,false,"required: false,",
src/bolt_v3_reference_price.rs,716,bool,true,"required: true,",
src/bolt_v3_reference_price_health.rs,266,bool,false,let _ = observer.into_observations(false);,
src/bolt_v3_requote_budget.rs,41,bool,false,return false;,
src/bolt_v3_requote_budget.rs,46,bool,false,return false;,
src/bolt_v3_requote_budget.rs,61,bool,false,return false;,
src/bolt_v3_requote_budget.rs,65,bool,false,return false;,
src/bolt_v3_requote_budget.rs,68,bool,false,return false;,
src/bolt_v3_requote_budget.rs,74,bool,true,true,
src/bolt_v3_requote_budget.rs,236,bool,false,return false;,
src/bolt_v3_requote_budget.rs,241,bool,true,true,
src/bolt_v3_risk_reservation_substrate/admission_service.rs,253,bool,false,let mut target_found = false;,
src/bolt_v3_risk_reservation_substrate/admission_service.rs,273,bool,true,target_found = true;,
src/bolt_v3_risk_reservation_substrate/admission_service.rs,293,bool,true,target_found = true;,
src/bolt_v3_risk_reservation_substrate/epoch_manager.rs,250,bool,true,let safety_action_enabled = true;,
src/bolt_v3_risk_reservation_substrate/risk_kernel.rs,124,bool,true,"accepted: true,",
src/bolt_v3_risk_reservation_substrate/risk_kernel.rs,242,bool,true,"RiskEvaluationScope::Portfolio { .. } => true,",
src/bolt_v3_risk_reservation_substrate/risk_kernel.rs,252,bool,true,"RiskEvaluationScope::Portfolio { .. } => true,",
src/bolt_v3_risk_reservation_substrate/state_owner.rs,79,bool,true,"risk_increasing_admission_enabled: true,",
src/bolt_v3_risk_reservation_substrate/state_owner.rs,80,bool,true,"safety_action_enabled: true,",
src/bolt_v3_risk_reservation_substrate/state_owner.rs,186,bool,false,"inner.reconciled.insert(pool_id.clone(), false);",
src/bolt_v3_risk_reservation_substrate/state_owner.rs,307,bool,true,"inner.reconciled.insert(pool_id.clone(), true);",
src/bolt_v3_risk_reservation_substrate/state_owner.rs,325,bool,false,.unwrap_or(false),
src/bolt_v3_risk_reservation_substrate/state_owner.rs,504,bool,false,.unwrap_or(false),
src/bolt_v3_risk_reservation_substrate/state_owner.rs,563,bool,false,state.risk_increasing_admission_enabled = false;,
src/bolt_v3_risk_reservation_substrate/state_owner.rs,564,bool,true,state.safety_action_enabled = true;,
src/bolt_v3_risk_reservation_substrate/state_owner.rs,653,bool,false,.unwrap_or(false),
src/bolt_v3_risk_reservation_substrate/state_owner.rs,902,bool,false,record.open_order_remainder_held = false;,
src/bolt_v3_risk_reservation_substrate/state_owner.rs,1079,bool,false,record.open_order_remainder_held = false;,
src/bolt_v3_risk_reservation_substrate/state_owner.rs,1084,bool,true,record.filled_position_held = true;,
src/bolt_v3_risk_reservation_substrate/state_owner.rs,1189,bool,false,record.open_order_remainder_held = false;,
src/bolt_v3_risk_reservation_substrate/state_owner.rs,1192,bool,false,record.filled_position_held = false;,
src/bolt_v3_risk_reservation_substrate/state_owner.rs,1282,bool,false,.unwrap_or(false),
src/bolt_v3_risk_reservation_substrate/state_owner.rs,1366,bool,true,"open_order_remainder_held: true,",
src/bolt_v3_risk_reservation_substrate/state_owner.rs,1370,bool,false,"filled_position_held: false,",
src/bolt_v3_risk_reservation_substrate/state_owner.rs,1924,bool,true,return true;,
src/bolt_v3_risk_reservation_substrate/state_owner.rs,1927,bool,false,return false;,
src/bolt_v3_risk_reservation_substrate/state_owner.rs,1930,bool,false,return false;,
src/bolt_v3_risk_reservation_substrate/state_owner.rs,1956,bool,false,"inner.reconciled.insert(lease.pool_id().clone(), false);",
src/bolt_v3_submit_admission.rs,385,bool,true,"accepted: true,",
src/bolt_v3_submit_admission.rs,386,bool,true,"unknown_reservation: true,",
src/bolt_v3_submit_admission.rs,687,bool,false,"recovered_from_startup: false,",
src/bolt_v3_submit_admission.rs,775,bool,true,"recovered_from_startup: true,",
src/bolt_v3_submit_admission.rs,791,bool,true,"all_open_orders_attributed: true,",
src/bolt_v3_submit_admission.rs,822,bool,true,"accepted: true,",
src/bolt_v3_submit_admission.rs,843,bool,false,"false,",
src/bolt_v3_submit_admission.rs,846,bool,false,"accepted: false,",
src/bolt_v3_submit_admission.rs,861,bool,false,"accepted: false,",
src/bolt_v3_submit_admission.rs,882,bool,false,"accepted: false,",
src/bolt_v3_submit_admission.rs,897,bool,false,"accepted: false,",
src/bolt_v3_submit_admission.rs,1012,bool,false,"false,",
src/bolt_v3_submit_admission.rs,1016,bool,false,"accepted: false,",
src/bolt_v3_submit_admission.rs,1092,bool,false,"unknown_reservation: false,",
src/bolt_v3_submit_admission.rs,1139,bool,true,"accepted: true,",
src/bolt_v3_submit_admission.rs,1140,bool,false,"unknown_reservation: false,",
src/bolt_v3_submit_admission.rs,1171,bool,true,"accepted: true,",
src/bolt_v3_submit_admission.rs,1172,bool,false,"unknown_reservation: false,",
src/bolt_v3_submit_admission.rs,1234,bool,false,"accepted: false,",
src/bolt_v3_submit_admission.rs,1235,bool,false,"unknown_reservation: false,",
src/bolt_v3_submit_admission.rs,1281,bool,false,"unknown_reservation: false,",
src/bolt_v3_submit_admission.rs,1341,bool,false,"unknown_reservation: false,",
src/bolt_v3_submit_admission.rs,1512,bool,false,"committed: false,",
src/bolt_v3_submit_admission.rs,2113,bool,false,"committed: false,",
src/bolt_v3_submit_admission.rs,2416,bool,true,self.committed = true;,
src/bolt_v3_submit_admission.rs,2701,bool,true,"BoltV3SubmitIntentKind::Entry | BoltV3SubmitIntentKind::RiskReducingExit => true,",
src/bolt_v3_submit_admission.rs,2703,bool,true,"BoltV3SubmitIntentKind::KillSwitchForcedReduction => true,",
src/bolt_v3_submit_admission.rs,3109,bool,true,".calculate_notional_value(effective_quantity, last_px, Some(true))",
src/bolt_v3_submit_admission.rs,3215,bool,true,return true;,
src/bolt_v3_submit_admission.rs,3583,bool,false,"recovered_from_startup: false,",
src/bolt_v3_submit_admission.rs,3588,bool,true,"accepted: true,",
src/bolt_v3_submit_admission.rs,3751,bool,false,return false;,
src/bolt_v3_submit_admission.rs,3758,bool,false,return false;,
src/bolt_v3_submit_admission.rs,3794,bool,true,"accepted: true,",
src/bolt_v3_submit_admission.rs,3805,bool,false,"accepted: false,",
src/bolt_v3_submit_admission.rs,3851,bool,false,let mut remove_execution_client = false;,
src/bolt_v3_taker_pricing.rs,129,bool,false,"fast_venue_incoherent: false,",
src/bolt_v3_taker_pricing.rs,130,bool,false,"lead_quality_policy_applied: false,",
src/bolt_v3_taker_pricing.rs,158,bool,false,self.fast_venue_incoherent = false;,
src/bolt_v3_taker_pricing.rs,159,bool,false,self.lead_quality_policy_applied = false;,
src/bolt_v3_taker_pricing.rs,178,bool,true,self.lead_quality_policy_applied = true;,
src/bolt_v3_taker_pricing.rs,192,bool,true,self.fast_venue_incoherent = true;,
src/bolt_v3_taker_pricing.rs,214,bool,false,self.fast_venue_incoherent = false;,
src/bolt_v3_taker_pricing.rs,226,bool,true,self.fast_venue_incoherent = true;,
src/bolt_v3_taker_updown_signal.rs,165,bool,true,"(true, false) => Some(OutcomeSide::Up),",
src/bolt_v3_taker_updown_signal.rs,165,bool,false,"(true, false) => Some(OutcomeSide::Up),",
src/bolt_v3_taker_updown_signal.rs,166,bool,false,"(false, true) => Some(OutcomeSide::Down),",
src/bolt_v3_taker_updown_signal.rs,166,bool,true,"(false, true) => Some(OutcomeSide::Down),",
src/bolt_v3_taker_updown_signal.rs,167,bool,true,"(true, true) => match (up_worst_ev_bps, down_worst_ev_bps) {",
src/bolt_v3_taker_updown_signal.rs,167,bool,true,"(true, true) => match (up_worst_ev_bps, down_worst_ev_bps) {",
src/bolt_v3_taker_updown_signal.rs,172,bool,false,"(false, false) => None,",
src/bolt_v3_taker_updown_signal.rs,172,bool,false,"(false, false) => None,",
src/bolt_v3_validate.rs,3218,bool,true,Ok(true) => {},
src/execution_state.rs,311,bool,false,return Ok(false);,
src/execution_state.rs,316,bool,false,return Ok(false);,
src/execution_state.rs,320,bool,false,"Field::new(EVENT_TYPE_FIELD, DataType::Utf8, false),",
src/execution_state.rs,321,bool,false,"Field::new(STRATEGY_ID_FIELD, DataType::Utf8, false),",
src/execution_state.rs,322,bool,false,"Field::new(INSTRUMENT_ID_FIELD, DataType::Utf8, false),",
src/execution_state.rs,323,bool,false,"Field::new(CLIENT_ORDER_ID_FIELD, DataType::Utf8, false),",
src/execution_state.rs,324,bool,true,"Field::new(VENUE_ORDER_ID_FIELD, DataType::Utf8, true),",
src/execution_state.rs,325,bool,true,"Field::new(ACCOUNT_ID_FIELD, DataType::Utf8, true),",
src/execution_state.rs,326,bool,false,"Field::new(TS_EVENT_FIELD, DataType::UInt64, false),",
src/execution_state.rs,327,bool,false,"Field::new(TS_INIT_FIELD, DataType::UInt64, false),",
src/execution_state.rs,328,bool,false,"Field::new(PAYLOAD_JSON_FIELD, DataType::Utf8, false),",
src/execution_state.rs,384,bool,true,Ok(true),
src/execution_state.rs,393,bool,false,return Ok(false);,
src/execution_state.rs,398,bool,false,return Ok(false);,
src/execution_state.rs,402,bool,false,"Field::new(EVENT_TYPE_FIELD, DataType::Utf8, false),",
src/execution_state.rs,403,bool,false,"Field::new(TRADER_ID_FIELD, DataType::Utf8, false),",
src/execution_state.rs,404,bool,false,"Field::new(STRATEGY_ID_FIELD, DataType::Utf8, false),",
src/execution_state.rs,405,bool,false,"Field::new(INSTRUMENT_ID_FIELD, DataType::Utf8, false),",
src/execution_state.rs,406,bool,false,"Field::new(POSITION_ID_FIELD, DataType::Utf8, false),",
src/execution_state.rs,407,bool,false,"Field::new(ACCOUNT_ID_FIELD, DataType::Utf8, false),",
src/execution_state.rs,408,bool,true,"Field::new(EVENT_ID_FIELD, DataType::Utf8, true),",
src/execution_state.rs,409,bool,true,"Field::new(OPENING_ORDER_ID_FIELD, DataType::Utf8, true),",
src/execution_state.rs,410,bool,true,"Field::new(CLOSING_ORDER_ID_FIELD, DataType::Utf8, true),",
src/execution_state.rs,411,bool,true,"Field::new(SIDE_FIELD, DataType::Utf8, true),",
src/execution_state.rs,412,bool,true,"Field::new(QUANTITY_FIELD, DataType::Utf8, true),",
src/execution_state.rs,413,bool,true,"Field::new(TS_OPENED_FIELD, DataType::UInt64, true),",
src/execution_state.rs,414,bool,true,"Field::new(TS_CLOSED_FIELD, DataType::UInt64, true),",
src/execution_state.rs,415,bool,true,"Field::new(REALIZED_PNL_FIELD, DataType::Utf8, true),",
src/execution_state.rs,416,bool,true,"Field::new(UNREALIZED_PNL_FIELD, DataType::Utf8, true),",
src/execution_state.rs,417,bool,false,"Field::new(TS_EVENT_FIELD, DataType::UInt64, false),",
src/execution_state.rs,418,bool,false,"Field::new(TS_INIT_FIELD, DataType::UInt64, false),",
src/execution_state.rs,419,bool,false,"Field::new(PAYLOAD_JSON_FIELD, DataType::Utf8, false),",
src/execution_state.rs,514,bool,true,Ok(true),
src/lake_batch.rs,139,bool,false,let mut has_failure = false;,
src/lake_batch.rs,164,bool,true,has_failure = true;,
src/lake_batch.rs,170,bool,true,"spool_present: true,",
src/lake_batch.rs,184,bool,true,has_failure = true;,
src/lake_batch.rs,190,bool,true,"spool_present: true,",
src/lake_batch.rs,217,bool,false,"(Capability::Unsupported, _, false, _) => (ClassReportStatus::PassUnsupported, None),",
src/lake_batch.rs,218,bool,true,"(Capability::Unsupported, _, true, _) => {",
src/lake_batch.rs,219,bool,true,has_failure = true;,
src/lake_batch.rs,222,bool,true,"(Capability::Supported | Capability::Conditional, Policy::Disabled, true, _) => {",
src/lake_batch.rs,223,bool,true,has_failure = true;,
src/lake_batch.rs,229,bool,false,"(Capability::Supported | Capability::Conditional, Policy::Disabled, false, _) => {",
src/lake_batch.rs,232,bool,true,"(Capability::Supported | Capability::Conditional, Policy::Required, true, true) => {",
src/lake_batch.rs,232,bool,true,"(Capability::Supported | Capability::Conditional, Policy::Required, true, true) => {",
src/lake_batch.rs,235,bool,true,"(Capability::Supported | Capability::Conditional, Policy::Optional, true, true) => {",
src/lake_batch.rs,235,bool,true,"(Capability::Supported | Capability::Conditional, Policy::Optional, true, true) => {",
src/lake_batch.rs,238,bool,true,"(Capability::Supported | Capability::Conditional, Policy::Required, true, false) => {",
src/lake_batch.rs,238,bool,false,"(Capability::Supported | Capability::Conditional, Policy::Required, true, false) => {",
src/lake_batch.rs,239,bool,true,has_failure = true;,
src/lake_batch.rs,245,bool,true,"(Capability::Supported | Capability::Conditional, Policy::Optional, true, false) => {",
src/lake_batch.rs,245,bool,false,"(Capability::Supported | Capability::Conditional, Policy::Optional, true, false) => {",
src/lake_batch.rs,248,bool,false,"(Capability::Supported | Capability::Conditional, Policy::Required, false, _) => {",
src/lake_batch.rs,249,bool,true,has_failure = true;,
src/lake_batch.rs,255,bool,false,"(Capability::Supported | Capability::Conditional, Policy::Optional, false, _) => {",
src/lake_batch.rs,356,bool,true,.create_new(true),
src/lake_batch.rs,402,bool,false,"discarded: false,",
src/lake_batch.rs,403,bool,false,"published: false,",
src/lake_batch.rs,404,bool,false,"preserve_stage: false,",
src/lake_batch.rs,434,bool,true,self.published = true;,
src/lake_batch.rs,438,bool,true,self.preserve_stage = true;,
src/lake_batch.rs,452,bool,true,self.discarded = true;,
src/lake_batch.rs,556,bool,false,return false;,
src/lake_batch.rs,559,bool,false,return false;,
src/lake_batch.rs,614,bool,true,.create_new(true),
src/lake_batch.rs,636,bool,false,let mut converted_any = false;,
src/lake_batch.rs,648,bool,false,"file_data.extend(decode_batch_to_data(&metadata, batch, false)?);",
src/lake_batch.rs,651,bool,true,"catalog.write_data_enum(&file_data, None, None, Some(true))?;",
src/lake_batch.rs,652,bool,true,converted_any = true;,
src/log_sweep.rs,102,bool,false,"None => return false,",
src/log_sweep.rs,116,bool,true,return true;,
src/log_sweep.rs,119,bool,false,false,
src/log_sweep.rs,126,bool,false,return false;,
src/main.rs,649,bool,true,"KILL_SWITCH_STORE_INIT_COMPLETED_OUTPUT_FIELD: true,",
src/main.rs,836,bool,true,"generated_live_config: true,",
src/main.rs,853,bool,true,"verified_live_config: true,",
src/main.rs,1048,bool,true,"matches_installed_binary: Some(true),",
src/main.rs,1049,bool,true,"matches_requested_profile: true,",
src/main.rs,1050,bool,true,"matches_current_config: true,",
src/main.rs,1605,bool,true,"CLOB_V2_CACHE_SYNC_COMPLETED_OUTPUT_FIELD: true,",
src/nt_runtime_capture.rs,152,bool,false,"unhealthy: Arc::new(AtomicBool::new(false)),",
src/nt_runtime_capture.rs,176,bool,false,".compare_exchange(false, true, Ordering::Relaxed, Ordering::Relaxed)",
src/nt_runtime_capture.rs,176,bool,true,".compare_exchange(false, true, Ordering::Relaxed, Ordering::Relaxed)",
src/nt_runtime_capture.rs,487,bool,true,saw_running = true;,
src/nt_runtime_capture.rs,509,bool,true,saw_running = true;,
src/raw_types.rs,81,bool,true,let file = OpenOptions::new().create(true).append(true).open(path)?;,
src/raw_types.rs,81,bool,true,let file = OpenOptions::new().create(true).append(true).open(path)?;,
src/raw_types.rs,93,bool,true,let mut file = OpenOptions::new().create(true).append(true).open(path)?;,
src/raw_types.rs,93,bool,true,let mut file = OpenOptions::new().create(true).append(true).open(path)?;,
src/secrets.rs,142,bool,true,.with_decryption(true),
src/strategies/binary_oracle_edge_taker/config.rs,550,bool,true,"(true, true) => {}",
src/strategies/binary_oracle_edge_taker/config.rs,550,bool,true,"(true, true) => {}",
src/strategies/binary_oracle_edge_taker/config.rs,551,bool,true,"(true, false) => Self::push_missing(",
src/strategies/binary_oracle_edge_taker/config.rs,551,bool,false,"(true, false) => Self::push_missing(",
src/strategies/binary_oracle_edge_taker/config.rs,557,bool,false,"(false, true) | (false, false) => Self::push_missing(",
src/strategies/binary_oracle_edge_taker/config.rs,557,bool,true,"(false, true) | (false, false) => Self::push_missing(",
src/strategies/binary_oracle_edge_taker/config.rs,557,bool,false,"(false, true) | (false, false) => Self::push_missing(",
src/strategies/binary_oracle_edge_taker/config.rs,557,bool,false,"(false, true) | (false, false) => Self::push_missing(",
src/strategies/binary_oracle_edge_taker/exposure.rs,287,bool,true,"| Self::BlindRecovery(_) => true,",
src/strategies/binary_oracle_edge_taker/exposure.rs,288,bool,false,"Self::Flat | Self::PendingEntry(_) => false,",
src/strategies/binary_oracle_edge_taker/exposure.rs,325,bool,false,return false;,
src/strategies/binary_oracle_edge_taker/mod.rs,430,bool,false,"(OrderSide::Buy, false) | (OrderSide::Sell, true) => Some(OrderSide::Buy),",
src/strategies/binary_oracle_edge_taker/mod.rs,430,bool,true,"(OrderSide::Buy, false) | (OrderSide::Sell, true) => Some(OrderSide::Buy),",
src/strategies/binary_oracle_edge_taker/mod.rs,431,bool,false,"(OrderSide::Sell, false) | (OrderSide::Buy, true) => Some(OrderSide::Sell),",
src/strategies/binary_oracle_edge_taker/mod.rs,431,bool,true,"(OrderSide::Sell, false) | (OrderSide::Buy, true) => Some(OrderSide::Sell),",
src/strategies/binary_oracle_edge_taker/mod.rs,693,bool,false,"up_ready: false,",
src/strategies/binary_oracle_edge_taker/mod.rs,694,bool,false,"down_ready: false,",
src/strategies/binary_oracle_edge_taker/mod.rs,702,bool,false,"up_ready: false,",
src/strategies/binary_oracle_edge_taker/mod.rs,703,bool,false,"down_ready: false,",
src/strategies/binary_oracle_edge_taker/mod.rs,765,bool,false,"fast_venue_incoherent: false,",
src/strategies/binary_oracle_edge_taker/mod.rs,766,bool,false,"forced_flat: false,",
src/strategies/binary_oracle_edge_taker/mod.rs,773,bool,false,"Self::from_market(market, warmup_target, SelectionPhase::Active, false)",
src/strategies/binary_oracle_edge_taker/mod.rs,777,bool,true,"Self::from_market(market, warmup_target, SelectionPhase::Freeze, true)",
src/strategies/binary_oracle_edge_taker/mod.rs,781,bool,true,idle.forced_flat = true;,
src/strategies/binary_oracle_edge_taker/mod.rs,817,bool,false,"fast_venue_incoherent: false,",
src/strategies/binary_oracle_edge_taker/mod.rs,868,bool,false,return false;,
src/strategies/binary_oracle_edge_taker/mod.rs,871,bool,false,return false;,
src/strategies/binary_oracle_edge_taker/mod.rs,874,bool,false,return false;,
src/strategies/binary_oracle_edge_taker/mod.rs,885,bool,false,return false;,
src/strategies/binary_oracle_edge_taker/mod.rs,903,bool,true,true,
src/strategies/binary_oracle_edge_taker/mod.rs,2121,bool,false,return false;,
src/strategies/binary_oracle_edge_taker/mod.rs,2134,bool,true,"None => true,",
src/strategies/binary_oracle_edge_taker/mod.rs,2800,bool,false,"final_fee_amount_known: false,",
src/strategies/binary_oracle_edge_taker/mod.rs,3360,bool,true,".try_make_qty(normalized.to_f64()?, Some(true))",
src/strategies/binary_oracle_edge_taker/mod.rs,3454,bool,false,return false;,
src/strategies/binary_oracle_edge_taker/mod.rs,3470,bool,true,true,
src/strategies/binary_oracle_edge_taker/mod.rs,3478,bool,true,return true;,
src/strategies/binary_oracle_edge_taker/mod.rs,3481,bool,true,return true;,
src/strategies/binary_oracle_edge_taker/mod.rs,3484,bool,false,return false;,
src/strategies/binary_oracle_edge_taker/mod.rs,3492,bool,false,false,
src/strategies/binary_oracle_edge_taker/mod.rs,3577,bool,false,"false,",
src/strategies/binary_oracle_edge_taker/mod.rs,3623,bool,true,pending_exit.residual_position_observed_after_fill = true;,
src/strategies/binary_oracle_edge_taker/mod.rs,3659,bool,true,exit_pending.pending_exit.terminal_received = true;,
src/strategies/binary_oracle_edge_taker/mod.rs,3932,bool,false,"return (false, EVIDENCE_REASON_NO_MANAGED_POSITION);",
src/strategies/binary_oracle_edge_taker/mod.rs,3936,bool,true,"(true, EVIDENCE_REASON_CAPTURED_FROM_STRATEGY_ENTRY_STATE)",
src/strategies/binary_oracle_edge_taker/mod.rs,3939,bool,false,"false,",
src/strategies/binary_oracle_edge_taker/mod.rs,3944,bool,false,"false,",
src/strategies/binary_oracle_edge_taker/mod.rs,4119,bool,false,"false,",
src/strategies/binary_oracle_edge_taker/mod.rs,4231,bool,false,"final_fee_amount_known: false,",
src/strategies/binary_oracle_edge_taker/mod.rs,5253,bool,false,"fill_received: false,",
src/strategies/binary_oracle_edge_taker/mod.rs,5254,bool,false,"close_received: false,",
src/strategies/binary_oracle_edge_taker/mod.rs,5255,bool,false,"terminal_received: false,",
src/strategies/binary_oracle_edge_taker/mod.rs,5256,bool,false,"residual_position_observed_after_fill: false,",
src/strategies/binary_oracle_edge_taker/mod.rs,5335,bool,true,let mut changed = true;,
src/strategies/binary_oracle_edge_taker/mod.rs,5338,bool,false,changed = false;,
src/strategies/binary_oracle_edge_taker/mod.rs,5462,bool,true,"let Ok(quantity) = instrument.try_make_qty(shares_value, Some(true)) else {",
src/strategies/binary_oracle_edge_taker/mod.rs,5557,bool,true,"let quantity = instrument.try_make_qty(quantity_value, Some(true))?;",
src/strategies/binary_oracle_edge_taker/mod.rs,6135,bool,true,matched = true;,
src/strategies/binary_oracle_edge_taker/mod.rs,6146,bool,true,matched = true;,
src/strategies/binary_oracle_edge_taker/mod.rs,6234,bool,true,.residual_position_observed_after_fill = true;,
src/strategies/binary_oracle_edge_taker/mod.rs,6263,bool,true,"true,",
src/strategies/binary_oracle_edge_taker/mod.rs,6314,bool,true,exit_pending.pending_exit.fill_received = true;,
src/strategies/binary_oracle_edge_taker/mod.rs,6414,bool,true,exit_pending.pending_exit.close_received = true;,
src/strategies/binary_oracle_edge_taker/mod.rs,6534,bool,false,"strategy.subscribe_book_deltas(instrument_id, BookType::L2_MBP, None, None, false, None);",
src/strategies/binary_oracle_edge_taker/mod.rs,6545,bool,false,"strategy.subscribe_book_deltas(instrument_id, BookType::L2_MBP, None, None, false, None);",
src/strategies/binary_oracle_edge_taker/mod.rs,6556,bool,false,"strategy.subscribe_book_deltas(instrument_id, BookType::L2_MBP, None, None, false, None);",
src/strategies/binary_oracle_edge_taker/selection.rs,163,bool,true,"SelectionState::Idle { .. } => return true,",
src/strategies/binary_oracle_edge_taker/selection.rs,175,bool,false,.unwrap_or(false),
src/strategies/binary_oracle_maker/binding.rs,198,bool,true,"eligible: true,",
src/strategies/binary_oracle_maker/runtime.rs,465,bool,false,return false;,
src/strategies/binary_oracle_maker/runtime.rs,474,bool,true,true,
src/strategies/binary_oracle_maker/runtime.rs,489,bool,false,return false;,
src/strategies/binary_oracle_maker/runtime.rs,499,bool,true,true,
src/strategies/complete_set_arbitrage/mod.rs,190,bool,true,"shared_basket_execution_owns_admission: true,",
src/strategies/complete_set_arbitrage/mod.rs,191,bool,true,"shared_basket_execution_owns_venue_mutation: true,",
src/strategies/complete_set_arbitrage/mod.rs,192,bool,true,"shared_basket_execution_owns_fillability: true,",
src/strategies/complete_set_arbitrage/mod.rs,193,bool,true,"shared_basket_execution_owns_repair_unwind: true,",
src/strategies/complete_set_arbitrage/tests/shell.rs,89,bool,true,"allow_unwind_when_repair_denied: true,",
src/venue_contract.rs,549,bool,false,return false;,
